Unnamed: 0,Year,Country,Sector,Expenditure(million USD),GDP(%)
48,2000,Brazil,Total function,244151.943,37.24962
49,2000,Brazil,"Agriculture, forestry, fishing and hunting",4777.386,0.72887
50,2000,Brazil,Transport,7568.216,1.15466
51,2000,Brazil,Communication,319.215,0.0487
52,2000,Brazil,Fuel and energy,396.633,0.06051
53,2000,Brazil,Environment protection,710.65,0.10842
54,2000,Brazil,Housing and community amenities,6480.414,0.9887
55,2000,Brazil,Health,25159.483,3.83852
56,2000,Brazil,Education,30618.75,4.67142
57,2000,Brazil,Social protection,71893.029,10.96853
58,2000,Brazil,General public services,69447.297,10.59539
59,2000,Brazil,Defence,12469.521,1.90244
60,2000,Brazil,Public order and safety,10434.453,1.59196
61,2000,Brazil,"Recreation, culture and religion",225.229,0.03436
62,2000,Brazil,"General economic, commercial and labour affairs",3128.549,0.47731
63,2000,Brazil,Others,523.11,0.07981
572,2000,Russian Federation,Total function,91127.122,34.8389
573,2000,Russian Federation,"Agriculture, forestry, fishing and hunting",1982.888,0.75808
574,2000,Russian Federation,"Mining, manufacturing and construction",3394.413,1.29772
575,2000,Russian Federation,Transport,6286.464,2.40338
576,2000,Russian Federation,Communication,44.296,0.01693
577,2000,Russian Federation,Fuel and energy,1048.84,0.40098
578,2000,Russian Federation,Environment protection,0.0,0.0
579,2000,Russian Federation,Housing and community amenities,7587.107,2.90063
580,2000,Russian Federation,Health,5170.327,1.97667
581,2000,Russian Federation,Education,7622.16,2.91404
582,2000,Russian Federation,Social protection,20957.962,8.01246
583,2000,Russian Federation,General public services,23180.21,8.86205
584,2000,Russian Federation,Defence,7437.867,2.84358
585,2000,Russian Federation,Public order and safety,4162.903,1.59152
586,2000,Russian Federation,"Recreation, culture and religion",1638.193,0.6263
663,2000,South Africa,Total function,46108.489,30.38396
664,2000,South Africa,"Agriculture, forestry, fishing and hunting",608.661,0.40109
665,2000,South Africa,"Mining, manufacturing and construction",186.604,0.12297
666,2000,South Africa,Transport,2306.253,1.51974
667,2000,South Africa,Fuel and energy,78.676,0.05185
668,2000,South Africa,Environment protection,828.407,0.54589
669,2000,South Africa,Housing and community amenities,1139.077,0.75061
670,2000,South Africa,Health,4295.928,2.83087
671,2000,South Africa,Education,8485.945,5.59195
672,2000,South Africa,Social protection,4849.399,3.19559
673,2000,South Africa,General public services,15405.424,10.15166
674,2000,South Africa,Defence,2144.433,1.41311
675,2000,South Africa,Public order and safety,4070.274,2.68217
676,2000,South Africa,"Recreation, culture and religion",650.016,0.42834
843,2001,Brazil,Total function,217987.754,38.92753
844,2001,Brazil,"Agriculture, forestry, fishing and hunting",4067.667,0.72639
845,2001,Brazil,Transport,6529.381,1.166
846,2001,Brazil,Communication,308.865,0.05516
847,2001,Brazil,Fuel and energy,512.748,0.09156
848,2001,Brazil,Environment protection,907.683,0.16209
849,2001,Brazil,Housing and community amenities,4514.588,0.8062
850,2001,Brazil,Health,23317.446,4.16395
851,2001,Brazil,Education,26850.987,4.79496
852,2001,Brazil,Social protection,60794.085,10.85641
853,2001,Brazil,General public services,42015.521,7.50299
854,2001,Brazil,Defence,11439.886,2.0429
855,2001,Brazil,Public order and safety,8632.004,1.54147
856,2001,Brazil,"Recreation, culture and religion",245.115,0.04377
857,2001,Brazil,"General economic, commercial and labour affairs",2543.816,0.45427
858,2001,Brazil,Others,25307.966,4.51941
1452,2001,Russian Federation,Total function,115418.932,37.3765
1453,2001,Russian Federation,"Agriculture, forestry, fishing and hunting",2302.482,0.74562
1454,2001,Russian Federation,"Mining, manufacturing and construction",8039.316,2.6034
1455,2001,Russian Federation,Transport,6095.714,1.974
1456,2001,Russian Federation,Communication,42.443,0.01374
1457,2001,Russian Federation,Fuel and energy,890.378,0.28833
1458,2001,Russian Federation,Environment protection,0.0,0.0
1459,2001,Russian Federation,Housing and community amenities,7199.541,2.33145
1460,2001,Russian Federation,Health,5842.702,1.89206
1461,2001,Russian Federation,Education,9315.692,3.01673
1462,2001,Russian Federation,Social protection,29164.553,9.44445
1463,2001,Russian Federation,General public services,29083.301,9.41814
1464,2001,Russian Federation,Defence,9512.068,3.08032
1465,2001,Russian Federation,Public order and safety,5688.083,1.84199
1466,2001,Russian Federation,"Recreation, culture and religion",1895.399,0.61379
1538,2001,South Africa,Total function,40131.228,29.63247
1539,2001,South Africa,"Agriculture, forestry, fishing and hunting",611.138,0.45126
1540,2001,South Africa,"Mining, manufacturing and construction",77.626,0.05732
1541,2001,South Africa,Transport,1741.931,1.28622
1542,2001,South Africa,Communication,106.398,0.07856
1543,2001,South Africa,Fuel and energy,3361.888,2.48238
1544,2001,South Africa,Environment protection,749.99,0.55378
1545,2001,South Africa,Housing and community amenities,1016.508,0.75058
1546,2001,South Africa,Health,4280.303,3.16053
1547,2001,South Africa,Education,7154.827,5.28305
1548,2001,South Africa,Social protection,4520.012,3.33753
1549,2001,South Africa,General public services,9089.483,6.71158
1550,2001,South Africa,Defence,2162.436,1.59672
1551,2001,South Africa,Public order and safety,3699.005,2.73131
1552,2001,South Africa,"Recreation, culture and religion",505.402,0.37318
1756,2002,Brazil,Total function,185350.861,36.35791
1757,2002,Brazil,"Agriculture, forestry, fishing and hunting",3327.799,0.65277
1758,2002,Brazil,Transport,9850.039,1.93216
1759,2002,Brazil,Communication,1254.584,0.2461
1760,2002,Brazil,Fuel and energy,2858.758,0.56077
1761,2002,Brazil,Environment protection,3157.173,0.6193
1762,2002,Brazil,Housing and community amenities,4740.832,0.92995
1763,2002,Brazil,Health,18817.02,3.69109
1764,2002,Brazil,Education,19256.64,3.77733
1765,2002,Brazil,Social protection,61914.758,12.14503
1766,2002,Brazil,General public services,37991.876,7.45238
1767,2002,Brazil,Defence,6007.914,1.1785
1768,2002,Brazil,Public order and safety,12988.009,2.54769
1769,2002,Brazil,"Recreation, culture and religion",1257.409,0.24665
1770,2002,Brazil,"General economic, commercial and labour affairs",1928.048,0.3782
2451,2002,Russian Federation,Total function,149335.773,42.91895
2452,2002,Russian Federation,"Agriculture, forestry, fishing and hunting",1776.609,0.5106
2453,2002,Russian Federation,"Mining, manufacturing and construction",8495.499,2.4416
2454,2002,Russian Federation,Transport,7413.979,2.13077
2455,2002,Russian Federation,Communication,84.597,0.02431
2456,2002,Russian Federation,Fuel and energy,892.005,0.25636
2457,2002,Russian Federation,Environment protection,607.27,0.17453
2458,2002,Russian Federation,Housing and community amenities,7078.556,2.03437
2459,2002,Russian Federation,Health,7639.668,2.19563
2460,2002,Russian Federation,Education,13029.434,3.74465
2461,2002,Russian Federation,Social protection,34778.716,9.99537
2462,2002,Russian Federation,General public services,46843.415,13.46275
2463,2002,Russian Federation,Defence,10053.501,2.88937
2464,2002,Russian Federation,Public order and safety,8055.19,2.31505
2465,2002,Russian Federation,"Recreation, culture and religion",2513.614,0.72241
2466,2002,Russian Federation,"General economic, commercial and labour affairs",0.0,0.0
2467,2002,Russian Federation,Other industries,0.0,0.0
2468,2002,Russian Federation,RandD Economic affairs,0.0,0.0
2469,2002,Russian Federation,Economic affairs n.e.c.,0.0,0.0
2555,2002,South Africa,Total function,38295.105,29.66599
2556,2002,South Africa,"Agriculture, forestry, fishing and hunting",581.932,0.4508
2557,2002,South Africa,"Mining, manufacturing and construction",300.358,0.23268
2558,2002,South Africa,Transport,1886.963,1.46177
2559,2002,South Africa,Communication,93.637,0.07254
2560,2002,South Africa,Fuel and energy,2924.176,2.26527
2561,2002,South Africa,Environment protection,953.917,0.73897
2562,2002,South Africa,Housing and community amenities,1133.032,0.87772
2563,2002,South Africa,Health,4042.313,3.13145
2564,2002,South Africa,Education,6359.227,4.92629
2565,2002,South Africa,Social protection,4881.343,3.78142
2566,2002,South Africa,General public services,7924.581,6.13892
2567,2002,South Africa,Defence,1961.341,1.51939
2568,2002,South Africa,Public order and safety,3609.042,2.79581
2569,2002,South Africa,"Recreation, culture and religion",603.183,0.46727
2794,2003,Brazil,Total function,195800.228,35.07496
2795,2003,Brazil,"Agriculture, forestry, fishing and hunting",3679.048,0.65905
2796,2003,Brazil,Transport,4667.895,0.83619
2797,2003,Brazil,Communication,315.882,0.05659
2798,2003,Brazil,Fuel and energy,1550.492,0.27775
2799,2003,Brazil,Environment protection,2924.121,0.52382
2800,2003,Brazil,Housing and community amenities,5318.214,0.95269
2801,2003,Brazil,Health,23073.035,4.13322
2802,2003,Brazil,Education,26254.828,4.7032
2803,2003,Brazil,Social protection,63538.847,11.38213
2804,2003,Brazil,General public services,42243.659,7.56738
2805,2003,Brazil,Defence,3773.213,0.67592
2806,2003,Brazil,Public order and safety,15547.196,2.78507
2807,2003,Brazil,"Recreation, culture and religion",1150.121,0.20603
2808,2003,Brazil,"General economic, commercial and labour affairs",1763.676,0.31594
3488,2003,Russian Federation,Total function,165288.54,38.03581
3489,2003,Russian Federation,"Agriculture, forestry, fishing and hunting",2148.171,0.49433
3490,2003,Russian Federation,"Mining, manufacturing and construction",10436.946,2.40173
3491,2003,Russian Federation,Transport,8399.446,1.93286
3492,2003,Russian Federation,Communication,133.753,0.03078
3493,2003,Russian Federation,Fuel and energy,901.903,0.20754
3494,2003,Russian Federation,Environment protection,622.914,0.14334
3495,2003,Russian Federation,Housing and community amenities,8278.47,1.90502
3496,2003,Russian Federation,Health,7808.478,1.79687
3497,2003,Russian Federation,Education,15694.272,3.61153
3498,2003,Russian Federation,Social protection,45285.38,10.42096
3499,2003,Russian Federation,General public services,38593.413,8.88102
3500,2003,Russian Federation,Defence,12454.115,2.86591
3501,2003,Russian Federation,Public order and safety,11463.271,2.6379
3502,2003,Russian Federation,"Recreation, culture and religion",3271.404,0.75281
3503,2003,Russian Federation,"General economic, commercial and labour affairs",0.0,0.0
3504,2003,Russian Federation,Other industries,0.0,0.0
3505,2003,Russian Federation,RandD Economic affairs,0.0,0.0
3506,2003,Russian Federation,Economic affairs n.e.c.,0.0,0.0
3593,2003,South Africa,Total function,59913.156,30.40984
3594,2003,South Africa,"Agriculture, forestry, fishing and hunting",733.23,0.37216
3595,2003,South Africa,"Mining, manufacturing and construction",113.262,0.05749
3596,2003,South Africa,Transport,2696.058,1.36843
3597,2003,South Africa,Communication,109.587,0.05562
3598,2003,South Africa,Fuel and energy,3979.352,2.01978
3599,2003,South Africa,Environment protection,1331.174,0.67566
3600,2003,South Africa,Housing and community amenities,1445.177,0.73352
3601,2003,South Africa,Health,5959.986,3.02508
3602,2003,South Africa,Education,10783.305,5.47323
3603,2003,South Africa,Social protection,8266.672,4.19588
3604,2003,South Africa,General public services,15884.73,8.06254
3605,2003,South Africa,Defence,2056.909,1.04402
3606,2003,South Africa,Public order and safety,5390.357,2.73596
3607,2003,South Africa,"Recreation, culture and religion",762.193,0.38686
3813,2004,Brazil,Total function,258597.361,38.63761
3814,2004,Brazil,"Agriculture, forestry, fishing and hunting",4681.665,0.6995
3815,2004,Brazil,Transport,6482.412,0.96855
3816,2004,Brazil,Communication,332.886,0.04974
3817,2004,Brazil,Fuel and energy,455.78,0.0681
3818,2004,Brazil,Environment protection,3172.735,0.47405
3819,2004,Brazil,Housing and community amenities,6201.904,0.92664
3820,2004,Brazil,Health,28793.217,4.30206
3821,2004,Brazil,Education,27586.682,4.12179
3822,2004,Brazil,Social protection,78045.661,11.66098
3823,2004,Brazil,General public services,76458.102,11.42378
3824,2004,Brazil,Defence,4875.544,0.72847
3825,2004,Brazil,Public order and safety,17947.913,2.68164
3826,2004,Brazil,"Recreation, culture and religion",1327.406,0.19833
3827,2004,Brazil,"General economic, commercial and labour affairs",1942.232,0.29019
3828,2004,Brazil,Other industries,293.222,0.04381
4498,2004,Russian Federation,Total function,200825.011,33.65453
4499,2004,Russian Federation,"Agriculture, forestry, fishing and hunting",2743.998,0.45984
4500,2004,Russian Federation,"Mining, manufacturing and construction",13433.382,2.25118
4501,2004,Russian Federation,Transport,8570.216,1.43621
4502,2004,Russian Federation,Communication,278.147,0.04661
4503,2004,Russian Federation,Fuel and energy,901.408,0.15106
4504,2004,Russian Federation,Environment protection,663.312,0.11116
4505,2004,Russian Federation,Housing and community amenities,10125.273,1.69681
4506,2004,Russian Federation,Health,10006.996,1.67699
4507,2004,Russian Federation,Education,20413.038,3.42084
4508,2004,Russian Federation,Social protection,57819.287,9.68944
4509,2004,Russian Federation,General public services,38835.637,6.50813
4510,2004,Russian Federation,Defence,15511.071,2.59937
4511,2004,Russian Federation,Public order and safety,15688.972,2.62918
4512,2004,Russian Federation,"Recreation, culture and religion",5710.4,0.95696
4513,2004,Russian Federation,"General economic, commercial and labour affairs",0.0,0.0
4514,2004,Russian Federation,Other industries,0.0,0.0
4515,2004,Russian Federation,RandD Economic affairs,0.0,0.0
4516,2004,Russian Federation,Economic affairs n.e.c.,0.0,0.0
4603,2004,South Africa,Total function,79899.159,31.23417
4604,2004,South Africa,"Agriculture, forestry, fishing and hunting",1135.503,0.44389
4605,2004,South Africa,"Mining, manufacturing and construction",814.435,0.31838
4606,2004,South Africa,Transport,4067.376,1.59002
4607,2004,South Africa,Communication,329.427,0.12878
4608,2004,South Africa,Fuel and energy,6236.675,2.43804
4609,2004,South Africa,Environment protection,2123.476,0.83011
4610,2004,South Africa,Housing and community amenities,3431.433,1.34142
4611,2004,South Africa,Health,8102.243,3.16733
4612,2004,South Africa,Education,13802.05,5.3955
4613,2004,South Africa,Social protection,10971.265,4.28889
4614,2004,South Africa,General public services,15533.402,6.07231
4615,2004,South Africa,Defence,3559.612,1.39152
4616,2004,South Africa,Public order and safety,7250.19,2.83424
4617,2004,South Africa,"Recreation, culture and religion",1399.447,0.54707
4847,2005,Brazil,Total function,338923.175,38.01147
4848,2005,Brazil,"Agriculture, forestry, fishing and hunting",6563.254,0.73609
4849,2005,Brazil,Transport,10048.135,1.12693
4850,2005,Brazil,Communication,391.433,0.0439
4851,2005,Brazil,Fuel and energy,721.84,0.08096
4852,2005,Brazil,Environment protection,4208.118,0.47196
4853,2005,Brazil,Housing and community amenities,7243.868,0.81243
4854,2005,Brazil,Health,38102.041,4.27328
4855,2005,Brazil,Education,36276.648,4.06856
4856,2005,Brazil,Social protection,106408.474,11.9341
4857,2005,Brazil,General public services,92519.135,10.37636
4858,2005,Brazil,Defence,7134.707,0.80018
4859,2005,Brazil,Public order and safety,24204.983,2.71468
4860,2005,Brazil,"Recreation, culture and religion",1891.492,0.21214
4861,2005,Brazil,"General economic, commercial and labour affairs",2651.387,0.29736
4862,2005,Brazil,Other industries,557.659,0.06254
4880,2005,China,Total function,576818.079,25.23305
4881,2005,China,"Agriculture, forestry, fishing and hunting",21074.118,0.92189
4882,2005,China,"Mining, manufacturing and construction",10040.444,0.43922
4883,2005,China,Transport,15517.462,0.67882
4884,2005,China,Communication,213.204,0.00933
4885,2005,China,Fuel and energy,3418.508,0.14954
4886,2005,China,Environment protection,18189.192,0.79569
4887,2005,China,Housing and community amenities,2459.596,0.1076
4888,2005,China,Health,14574.614,0.63757
4889,2005,China,Education,54776.868,2.39623
4890,2005,China,Social protection,47627.278,2.08347
4891,2005,China,General public services,148498.044,6.49608
4892,2005,China,Defence,30533.48,1.33569
4893,2005,China,Public order and safety,28929.075,1.26551
4894,2005,China,"Recreation, culture and religion",7731.011,0.3382
5587,2005,Russian Federation,Total function,242670.161,31.45452
5588,2005,Russian Federation,"Agriculture, forestry, fishing and hunting",3196.118,0.41428
5589,2005,Russian Federation,"Mining, manufacturing and construction",486.603,0.06307
5590,2005,Russian Federation,Transport,8867.702,1.14942
5591,2005,Russian Federation,Communication,487.342,0.06317
5592,2005,Russian Federation,Fuel and energy,369.861,0.04794
5593,2005,Russian Federation,Environment protection,769.653,0.09976
5594,2005,Russian Federation,Housing and community amenities,16705.615,2.16536
5595,2005,Russian Federation,Health,29955.974,3.88285
5596,2005,Russian Federation,Education,27231.261,3.52967
5597,2005,Russian Federation,Social protection,66815.178,8.66048
5598,2005,Russian Federation,General public services,26709.702,3.46207
5599,2005,Russian Federation,Defence,20568.34,2.66604
5600,2005,Russian Federation,Public order and safety,22375.976,2.90034
5601,2005,Russian Federation,"Recreation, culture and religion",6421.163,0.8323
5674,2005,South Africa,Total function,90105.742,31.19279
5675,2005,South Africa,"Agriculture, forestry, fishing and hunting",1468.709,0.50844
5676,2005,South Africa,"Mining, manufacturing and construction",802.915,0.27795
5677,2005,South Africa,Transport,3359.632,1.16304
5678,2005,South Africa,Communication,186.655,0.06462
5679,2005,South Africa,Fuel and energy,5870.274,2.03217
5680,2005,South Africa,Environment protection,522.068,0.18073
5681,2005,South Africa,Housing and community amenities,4581.773,1.58612
5682,2005,South Africa,Health,9515.313,3.29401
5683,2005,South Africa,Education,16295.117,5.64104
5684,2005,South Africa,Social protection,12527.266,4.33669
5685,2005,South Africa,General public services,19348.584,6.69809
5686,2005,South Africa,Defence,4355.963,1.50795
5687,2005,South Africa,Public order and safety,8367.55,2.89668
5688,2005,South Africa,"Recreation, culture and religion",1564.473,0.54159
5933,2006,Brazil,Total function,482676.131,43.57751
5934,2006,Brazil,"Agriculture, forestry, fishing and hunting",8586.982,0.77526
5935,2006,Brazil,Transport,11750.948,1.06091
5936,2006,Brazil,Communication,465.944,0.04207
5937,2006,Brazil,Fuel and energy,1235.644,0.11156
5938,2006,Brazil,Environment protection,5579.121,0.5037
5939,2006,Brazil,Housing and community amenities,10743.605,0.96997
5940,2006,Brazil,Health,49044.537,4.42789
5941,2006,Brazil,Education,46621.977,4.20918
5942,2006,Brazil,Social protection,138051.546,12.46372
5943,2006,Brazil,General public services,163653.945,14.77519
5944,2006,Brazil,Defence,8001.571,0.72241
5945,2006,Brazil,Public order and safety,32067.947,2.89519
5946,2006,Brazil,"Recreation, culture and religion",2887.589,0.2607
5947,2006,Brazil,"General economic, commercial and labour affairs",3027.982,0.27338
5948,2006,Brazil,Other industries,956.794,0.08638
5966,2006,China,Total function,721112.995,26.20216
5967,2006,China,"Agriculture, forestry, fishing and hunting",28711.578,1.04326
5968,2006,China,"Mining, manufacturing and construction",14449.224,0.52502
5969,2006,China,Transport,16149.871,0.58682
5970,2006,China,Communication,331.099,0.01203
5971,2006,China,Fuel and energy,3229.473,0.11735
5972,2006,China,Environment protection,23128.04,0.84037
5973,2006,China,Housing and community amenities,3145.444,0.11429
5974,2006,China,Health,18117.654,0.65832
5975,2006,China,Education,67235.737,2.44306
5976,2006,China,Social protection,123627.971,4.49211
5977,2006,China,General public services,131265.83,4.76964
5978,2006,China,Defence,37809.285,1.37383
5979,2006,China,Public order and safety,35933.055,1.30565
5980,2006,China,"Recreation, culture and religion",9164.177,0.33299
6658,2006,Russian Federation,Total function,313707.222,31.38255
6659,2006,Russian Federation,"Agriculture, forestry, fishing and hunting",4630.216,0.4632
6660,2006,Russian Federation,"Mining, manufacturing and construction",0.0,0.0
6661,2006,Russian Federation,Transport,15155.773,1.51615
6662,2006,Russian Federation,Communication,750.249,0.07505
6663,2006,Russian Federation,Fuel and energy,665.662,0.06659
6664,2006,Russian Federation,Environment protection,856.902,0.08572
6665,2006,Russian Federation,Housing and community amenities,23228.31,2.32371
6666,2006,Russian Federation,Health,39891.937,3.9907
6667,2006,Russian Federation,Education,38115.611,3.813
6668,2006,Russian Federation,Social protection,81560.2,8.15909
6669,2006,Russian Federation,General public services,45886.577,4.59039
6670,2006,Russian Federation,Defence,25129.677,2.51392
6671,2006,Russian Federation,Public order and safety,26262.406,2.62723
6672,2006,Russian Federation,"Recreation, culture and religion",6936.129,0.69387
6673,2006,Russian Federation,"General economic, commercial and labour affairs",0.0,0.0
6674,2006,Russian Federation,Other industries,0.0,0.0
6675,2006,Russian Federation,RandD Economic affairs,0.0,0.0
6676,2006,Russian Federation,Economic affairs n.e.c.,0.0,0.0
6768,2006,South Africa,Total function,92876.679,30.56575
6769,2006,South Africa,"Agriculture, forestry, fishing and hunting",1635.224,0.53815
6770,2006,South Africa,"Mining, manufacturing and construction",984.561,0.32402
6771,2006,South Africa,Transport,4483.612,1.47556
6772,2006,South Africa,Communication,326.365,0.10741
6773,2006,South Africa,Fuel and energy,6514.61,2.14396
6774,2006,South Africa,Environment protection,596.466,0.1963
6775,2006,South Africa,Housing and community amenities,5448.236,1.79302
6776,2006,South Africa,Health,10313.593,3.39421
6777,2006,South Africa,Education,17664.939,5.81354
6778,2006,South Africa,Social protection,12874.307,4.23694
6779,2006,South Africa,General public services,12938.398,4.25803
6780,2006,South Africa,Public order and safety,9281.628,3.05459
6781,2006,South Africa,"Recreation, culture and religion",2283.672,0.75156
7017,2007,Brazil,Total function,566648.575,40.5585
7018,2007,Brazil,"Agriculture, forestry, fishing and hunting",10761.034,0.77023
7019,2007,Brazil,Transport,17531.899,1.25487
7020,2007,Brazil,Communication,754.492,0.054
7021,2007,Brazil,Fuel and energy,850.123,0.06085
7022,2007,Brazil,Environment protection,8341.322,0.59704
7023,2007,Brazil,Housing and community amenities,14942.649,1.06954
7024,2007,Brazil,Health,63954.381,4.57761
7025,2007,Brazil,Education,63190.48,4.52293
7026,2007,Brazil,Social protection,171922.481,12.30554
7027,2007,Brazil,General public services,154210.197,11.03777
7028,2007,Brazil,Defence,10509.921,0.75226
7029,2007,Brazil,Public order and safety,40272.024,2.88251
7030,2007,Brazil,"Recreation, culture and religion",4177.225,0.29899
7031,2007,Brazil,"General economic, commercial and labour affairs",3767.699,0.26968
7032,2007,Brazil,Other industries,1462.658,0.10469
7050,2007,China,Total function,1141151.878,32.1422
7051,2007,China,"Agriculture, forestry, fishing and hunting",66635.009,1.87687
7052,2007,China,"Mining, manufacturing and construction",7852.99,0.22119
7053,2007,China,Transport,50078.656,1.41054
7054,2007,China,Communication,2079.965,0.05859
7055,2007,China,Fuel and energy,3786.746,0.10666
7056,2007,China,Environment protection,12162.804,0.34258
7057,2007,China,Housing and community amenities,129649.397,3.65176
7058,2007,China,Health,27222.23,0.76675
7059,2007,China,Education,96029.429,2.70481
7060,2007,China,Social protection,147693.092,4.15999
7061,2007,China,General public services,107778.048,3.03572
7062,2007,China,Defence,46918.235,1.32152
7063,2007,China,Public order and safety,45824.977,1.29073
7064,2007,China,"Recreation, culture and religion",12400.947,0.34929
7729,2007,Russian Federation,Total function,524986.56,40.0012
7831,2007,South Africa,Total function,108548.244,32.58952
7832,2007,South Africa,General public services,51222.896,15.37869
8068,2008,Brazil,Total function,690499.66,40.7169
8069,2008,Brazil,"Agriculture, forestry, fishing and hunting",11026.217,0.65019
8070,2008,Brazil,Transport,22624.242,1.33409
8071,2008,Brazil,Communication,763.434,0.04502
8072,2008,Brazil,Fuel and energy,902.596,0.05322
8073,2008,Brazil,Environment protection,10945.117,0.6454
8074,2008,Brazil,Housing and community amenities,20601.743,1.21483
8075,2008,Brazil,Health,77862.534,4.59134
8076,2008,Brazil,Education,79667.415,4.69777
8077,2008,Brazil,Social protection,208788.679,12.3117
8078,2008,Brazil,General public services,184392.92,10.87315
8079,2008,Brazil,Defence,13103.107,0.77265
8080,2008,Brazil,Public order and safety,48796.426,2.87739
8081,2008,Brazil,"Recreation, culture and religion",4975.726,0.29341
8082,2008,Brazil,"General economic, commercial and labour affairs",3888.057,0.22927
8083,2008,Brazil,Other industries,2161.447,0.12745
8117,2008,China,Total function,1162826.475,25.30997
8118,2008,China,"Agriculture, forestry, fishing and hunting",57521.06,1.252
8119,2008,China,"Mining, manufacturing and construction",8647.285,0.18822
8120,2008,China,Transport,80903.858,1.76095
8121,2008,China,Communication,2672.172,0.05816
8122,2008,China,Fuel and energy,6611.207,0.1439
8123,2008,China,Environment protection,21735.142,0.47308
8124,2008,China,Housing and community amenities,84862.322,1.8471
8125,2008,China,Health,44567.042,0.97004
8126,2008,China,Education,166240.805,3.61838
8127,2008,China,Social protection,213192.337,4.64032
8128,2008,China,General public services,130965.057,2.85057
8129,2008,China,Defence,60484.799,1.31651
8130,2008,China,Public order and safety,59919.654,1.30421
8131,2008,China,"Recreation, culture and religion",21182.085,0.46105
8802,2008,Russian Federation,Total function,718435.996,42.83781
8803,2008,Russian Federation,"Agriculture, forestry, fishing and hunting",11306.539,0.67417
8804,2008,Russian Federation,"Mining, manufacturing and construction",0.0,0.0
8805,2008,Russian Federation,Transport,6944.871,0.4141
8806,2008,Russian Federation,Communication,1746.277,0.10412
8807,2008,Russian Federation,Fuel and energy,1315.743,0.07845
8808,2008,Russian Federation,Environment protection,1022.015,0.06094
8809,2008,Russian Federation,Housing and community amenities,33139.023,1.97596
8810,2008,Russian Federation,Health,68977.935,4.11291
8811,2008,Russian Federation,Education,66913.788,3.98983
8812,2008,Russian Federation,Social protection,150920.165,8.99884
8813,2008,Russian Federation,General public services,224408.645,13.3807
8814,2008,Russian Federation,Defence,36704.003,2.18853
8815,2008,Russian Federation,Public order and safety,40116.083,2.39198
8816,2008,Russian Federation,"Recreation, culture and religion",11451.391,0.68281
8917,2008,South Africa,Total function,104011.23,32.90128
8918,2008,South Africa,"Agriculture, forestry, fishing and hunting",1922.597,0.60816
8919,2008,South Africa,"Mining, manufacturing and construction",974.553,0.30827
8920,2008,South Africa,Transport,7020.147,2.22064
8921,2008,South Africa,Communication,673.266,0.21297
8922,2008,South Africa,Fuel and energy,9238.099,2.92224
8923,2008,South Africa,Environment protection,789.835,0.24984
8924,2008,South Africa,Housing and community amenities,6831.313,2.16091
8925,2008,South Africa,Health,11814.11,3.73709
8926,2008,South Africa,Education,19289.274,6.10167
8927,2008,South Africa,Social protection,13127.596,4.15258
8928,2008,South Africa,General public services,10607.509,3.35541
8929,2008,South Africa,Defence,4897.096,1.54907
8930,2008,South Africa,Public order and safety,10618.161,3.35878
8931,2008,South Africa,"Recreation, culture and religion",3442.468,1.08894
9172,2009,Brazil,Total function,742467.291,44.53923
9173,2009,Brazil,"Agriculture, forestry, fishing and hunting",13147.449,0.78869
9174,2009,Brazil,Transport,25427.36,1.52534
9175,2009,Brazil,Communication,771.981,0.04631
9176,2009,Brazil,Fuel and energy,1068.32,0.06409
9177,2009,Brazil,Environment protection,10700.629,0.64191
9178,2009,Brazil,Housing and community amenities,18568.539,1.11389
9179,2009,Brazil,Health,83029.844,4.98081
9180,2009,Brazil,Education,84619.439,5.07616
9181,2009,Brazil,Social protection,221042.839,13.25995
9182,2009,Brazil,General public services,207971.222,12.47581
9183,2009,Brazil,Defence,14688.555,0.88114
9184,2009,Brazil,Public order and safety,50779.474,3.04617
9185,2009,Brazil,"Recreation, culture and religion",4737.334,0.28418
9186,2009,Brazil,"General economic, commercial and labour affairs",3828.74,0.22968
9187,2009,Brazil,Other industries,2085.571,0.12511
9221,2009,China,Total function,1412767.123,27.69211
9222,2009,China,"Agriculture, forestry, fishing and hunting",126531.892,2.48019
9223,2009,China,"Mining, manufacturing and construction",14502.176,0.28426
9224,2009,China,Transport,97231.379,1.90586
9225,2009,China,Communication,9455.504,0.18534
9226,2009,China,Fuel and energy,7840.697,0.15369
9227,2009,China,Environment protection,29410.593,0.57649
9228,2009,China,Housing and community amenities,90725.992,1.77835
9229,2009,China,Health,62295.576,1.22108
9230,2009,China,Education,190915.03,3.74219
9231,2009,China,Social protection,277541.287,5.44018
9232,2009,China,General public services,145065.824,2.84348
9233,2009,China,Defence,72882.108,1.42859
9234,2009,China,Public order and safety,70973.572,1.39118
9235,2009,China,"Recreation, culture and religion",25815.585,0.50602
9946,2009,Russian Federation,Total function,584114.389,47.31145
9947,2009,Russian Federation,"Agriculture, forestry, fishing and hunting",9634.422,0.78036
9948,2009,Russian Federation,"Mining, manufacturing and construction",0.0,0.0
9949,2009,Russian Federation,Transport,7539.297,0.61066
9950,2009,Russian Federation,Communication,1414.603,0.11458
9951,2009,Russian Federation,Fuel and energy,1802.122,0.14597
9952,2009,Russian Federation,Environment protection,847.501,0.06864
9953,2009,Russian Federation,Housing and community amenities,23774.149,1.92563
9954,2009,Russian Federation,Health,61861.305,5.01057
9955,2009,Russian Federation,Education,58565.816,4.74365
9956,2009,Russian Federation,Social protection,145174.795,11.75871
9957,2009,Russian Federation,General public services,143451.437,11.61912
9958,2009,Russian Federation,Defence,45030.998,3.64737
9959,2009,Russian Federation,Public order and safety,37173.493,3.01094
9960,2009,Russian Federation,"Recreation, culture and religion",10321.245,0.83599
10046,2009,South Africa,Total function,122579.649,37.17305
10047,2009,South Africa,"Agriculture, forestry, fishing and hunting",2027.416,0.61483
10048,2009,South Africa,"Mining, manufacturing and construction",611.372,0.1854
10049,2009,South Africa,Transport,10571.012,3.20573
10050,2009,South Africa,Communication,297.027,0.09008
10051,2009,South Africa,Fuel and energy,9825.632,2.97968
10052,2009,South Africa,Environment protection,867.266,0.263
10053,2009,South Africa,Housing and community amenities,7610.693,2.30799
10054,2009,South Africa,Health,12905.854,3.91378
10055,2009,South Africa,Education,21126.845,6.40685
10056,2009,South Africa,Social protection,15229.875,4.61856
10057,2009,South Africa,General public services,22194.977,6.73077
10058,2009,South Africa,Defence,3782.714,1.14713
10059,2009,South Africa,Public order and safety,11484.427,3.48272
10060,2009,South Africa,"Recreation, culture and religion",3646.659,1.10587
10061,2009,South Africa,"General economic, commercial and labour affairs",238.505,0.07233
10062,2009,South Africa,Other industries,71.438,0.02166
10063,2009,South Africa,RandD Economic affairs,87.177,0.02644
10064,2009,South Africa,Economic affairs n.e.c.,0.755,0.00023
10315,2010,Brazil,Total function,876924.782,39.70073
10316,2010,Brazil,"Agriculture, forestry, fishing and hunting",14609.754,0.66142
10317,2010,Brazil,Transport,34459.385,1.56007
10318,2010,Brazil,Communication,1224.282,0.05543
10319,2010,Brazil,Fuel and energy,915.618,0.04145
10320,2010,Brazil,Environment protection,13053.849,0.59098
10321,2010,Brazil,Housing and community amenities,26215.569,1.18685
10322,2010,Brazil,Health,104205.597,4.71767
10323,2010,Brazil,Education,109577.594,4.96087
10324,2010,Brazil,Social protection,280625.849,12.70468
10325,2010,Brazil,General public services,200361.561,9.0709
10326,2010,Brazil,Defence,20553.144,0.9305
10327,2010,Brazil,Public order and safety,57869.915,2.61993
10328,2010,Brazil,"Recreation, culture and religion",6680.725,0.30245
10329,2010,Brazil,"General economic, commercial and labour affairs",4291.238,0.19428
10330,2010,Brazil,Other industries,2280.701,0.10325
10364,2010,China,Total function,1671691.325,27.46246
10365,2010,China,"Agriculture, forestry, fishing and hunting",149283.58,2.45242
10366,2010,China,"Mining, manufacturing and construction",17949.361,0.29487
10367,2010,China,Transport,101372.338,1.66534
10368,2010,China,Communication,3158.855,0.05189
10369,2010,China,Fuel and energy,9353.871,0.15366
10370,2010,China,Environment protection,36898.977,0.60617
10371,2010,China,Housing and community amenities,108544.283,1.78316
10372,2010,China,Health,75387.698,1.23847
10373,2010,China,Education,226547.866,3.72172
10374,2010,China,Social protection,329499.462,5.413
10375,2010,China,General public services,166114.521,2.72892
10376,2010,China,Defence,79224.326,1.30149
10377,2010,China,Public order and safety,83024.766,1.36393
10378,2010,China,"Recreation, culture and religion",29104.456,0.47813
11093,2010,Russian Federation,Total function,643346.762,41.77997
11094,2010,Russian Federation,"Agriculture, forestry, fishing and hunting",9421.127,0.61182
11095,2010,Russian Federation,"Mining, manufacturing and construction",0.0,0.0
11096,2010,Russian Federation,Transport,10517.679,0.68303
11097,2010,Russian Federation,Communication,1916.496,0.12446
11098,2010,Russian Federation,Fuel and energy,1327.058,0.08618
11099,2010,Russian Federation,Environment protection,869.339,0.05646
11100,2010,Russian Federation,Housing and community amenities,22708.177,1.47471
11101,2010,Russian Federation,Health,68453.826,4.4455
11102,2010,Russian Federation,Education,62865.692,4.0826
11103,2010,Russian Federation,Social protection,203046.536,13.18617
11104,2010,Russian Federation,General public services,119797.489,7.77984
11105,2010,Russian Federation,Defence,53171.249,3.45303
11106,2010,Russian Federation,Public order and safety,41639.342,2.70413
11107,2010,Russian Federation,"Recreation, culture and religion",11097.239,0.72067
11218,2010,South Africa,Total function,147290.986,35.29079
11219,2010,South Africa,"Agriculture, forestry, fishing and hunting",2350.13,0.56309
11220,2010,South Africa,"Mining, manufacturing and construction",820.177,0.19651
11221,2010,South Africa,Transport,14837.687,3.5551
11222,2010,South Africa,Communication,300.427,0.07198
11223,2010,South Africa,Fuel and energy,5620.098,1.34657
11224,2010,South Africa,Environment protection,1059.047,0.25375
11225,2010,South Africa,Housing and community amenities,9706.548,2.32568
11226,2010,South Africa,Health,16659.924,3.9917
11227,2010,South Africa,Education,25385.38,6.08231
11228,2010,South Africa,Social protection,18257.608,4.37451
11229,2010,South Africa,General public services,28824.15,6.90624
11230,2010,South Africa,Defence,4274.604,1.02419
11231,2010,South Africa,Public order and safety,14711.888,3.52496
11232,2010,South Africa,"Recreation, culture and religion",4020.682,0.96335
11233,2010,South Africa,"General economic, commercial and labour affairs",261.886,0.06275
11234,2010,South Africa,Other industries,96.425,0.0231
11235,2010,South Africa,RandD Economic affairs,103.709,0.02485
11236,2010,South Africa,Economic affairs n.e.c.,0.0,0.0
11492,2011,Brazil,Total function,1002007.841,38.30076
11493,2011,Brazil,"Agriculture, forestry, fishing and hunting",15912.101,0.60822
11494,2011,Brazil,Transport,32175.188,1.22986
11495,2011,Brazil,Communication,1159.354,0.04432
11496,2011,Brazil,Fuel and energy,941.537,0.03599
11497,2011,Brazil,Environment protection,13278.227,0.50755
11498,2011,Brazil,Housing and community amenities,27735.977,1.06018
11499,2011,Brazil,Health,118647.632,4.53519
11500,2011,Brazil,Education,129739.114,4.95915
11501,2011,Brazil,Social protection,329559.836,12.5971
11502,2011,Brazil,General public services,231073.078,8.83254
11503,2011,Brazil,Defence,20597.099,0.7873
11504,2011,Brazil,Public order and safety,66720.368,2.55032
11505,2011,Brazil,"Recreation, culture and religion",7646.766,0.29229
11506,2011,Brazil,"General economic, commercial and labour affairs",4817.295,0.18414
11507,2011,Brazil,Other industries,2004.276,0.07661
11541,2011,China,Total function,2017685.991,26.71886
11542,2011,China,"Agriculture, forestry, fishing and hunting",177110.09,2.34535
11543,2011,China,"Mining, manufacturing and construction",19442.661,0.25747
11544,2011,China,Transport,151514.487,2.0064
11545,2011,China,Communication,4279.682,0.05667
11546,2011,China,Fuel and energy,11467.839,0.15186
11547,2011,China,Environment protection,40872.952,0.54125
11548,2011,China,Housing and community amenities,135065.577,1.78858
11549,2011,China,Health,67562.116,0.89468
11550,2011,China,Education,263875.293,3.49432
11551,2011,China,Social protection,484662.809,6.41806
11552,2011,China,General public services,201165.02,2.66389
11553,2011,China,Defence,93506.866,1.23825
11554,2011,China,Public order and safety,97567.248,1.29202
11555,2011,China,"Recreation, culture and religion",32486.924,0.4302
11864,2011,India,Total function,469224.363,25.0665
11865,2011,India,Environment protection,359.114,0.01918
11866,2011,India,Housing and community amenities,26032.737,1.3907
11867,2011,India,Health,18813.825,1.00506
11868,2011,India,Education,82567.205,4.41083
11869,2011,India,Social protection,25745.189,1.37534
11870,2011,India,General public services,80743.139,4.31339
11871,2011,India,Defence,50943.137,2.72144
11872,2011,India,Public order and safety,24889.616,1.32963
11873,2011,India,"Recreation, culture and religion",3172.884,0.1695
12289,2011,Russian Federation,Total function,800463.779,39.12483
12290,2011,Russian Federation,"Agriculture, forestry, fishing and hunting",10530.134,0.51469
12291,2011,Russian Federation,"Mining, manufacturing and construction",0.0,0.0
12292,2011,Russian Federation,Transport,16295.502,0.79649
12293,2011,Russian Federation,Communication,2242.844,0.10963
12294,2011,Russian Federation,Fuel and energy,1419.22,0.06937
12295,2011,Russian Federation,Environment protection,1058.459,0.05174
12296,2011,Russian Federation,Housing and community amenities,31791.204,1.55388
12297,2011,Russian Federation,Health,75279.91,3.67951
12298,2011,Russian Federation,Education,77093.924,3.76817
12299,2011,Russian Federation,Social protection,228089.379,11.14848
12300,2011,Russian Federation,General public services,183222.294,8.95548
12301,2011,Russian Federation,Defence,59947.571,2.9301
12302,2011,Russian Federation,Public order and safety,47263.082,2.31011
12303,2011,Russian Federation,"Recreation, culture and religion",17667.074,0.86353
12419,2011,South Africa,Total function,171177.163,37.35865
12420,2011,South Africa,"Agriculture, forestry, fishing and hunting",2613.902,0.57047
12421,2011,South Africa,"Mining, manufacturing and construction",923.465,0.20154
12422,2011,South Africa,Transport,10335.146,2.2556
12423,2011,South Africa,Communication,313.166,0.06835
12424,2011,South Africa,Fuel and energy,7482.488,1.63302
12425,2011,South Africa,Environment protection,1300.426,0.28381
12426,2011,South Africa,Housing and community amenities,11022.508,2.40561
12427,2011,South Africa,Health,18919.639,4.12913
12428,2011,South Africa,Education,31593.696,6.89518
12429,2011,South Africa,Social protection,20190.929,4.40658
12430,2011,South Africa,General public services,37437.137,8.17049
12431,2011,South Africa,Defence,5349.5,1.1675
12432,2011,South Africa,Public order and safety,15805.937,3.44958
12433,2011,South Africa,"Recreation, culture and religion",4270.053,0.93192
12434,2011,South Africa,"General economic, commercial and labour affairs",2593.051,0.56592
12435,2011,South Africa,Other industries,561.026,0.12244
12436,2011,South Africa,RandD Economic affairs,465.357,0.10156
12437,2011,South Africa,Economic affairs n.e.c.,0.0,0.0
12701,2012,Brazil,Total function,996627.107,40.42738
12702,2012,Brazil,"Agriculture, forestry, fishing and hunting",15051.023,0.61053
12703,2012,Brazil,Transport,29157.296,1.18274
12704,2012,Brazil,Communication,1240.929,0.05034
12705,2012,Brazil,Fuel and energy,1163.589,0.0472
12706,2012,Brazil,Environment protection,13817.036,0.56048
12707,2012,Brazil,Housing and community amenities,27180.346,1.10255
12708,2012,Brazil,Health,113096.452,4.58767
12709,2012,Brazil,Education,119365.812,4.84198
12710,2012,Brazil,Social protection,320928.833,13.01822
12711,2012,Brazil,General public services,264746.874,10.73924
12712,2012,Brazil,Defence,20227.815,0.82053
12713,2012,Brazil,Public order and safety,57131.285,2.31748
12714,2012,Brazil,"Recreation, culture and religion",7188.677,0.2916
12715,2012,Brazil,"General economic, commercial and labour affairs",4599.92,0.18659
12716,2012,Brazil,Other industries,1731.219,0.07023
12750,2012,China,Total function,2416792.716,28.3256
12751,2012,China,"Agriculture, forestry, fishing and hunting",216308.303,2.5352
12752,2012,China,"Mining, manufacturing and construction",23662.409,0.27733
12753,2012,China,Transport,167545.031,1.96368
12754,2012,China,Communication,5226.942,0.06126
12755,2012,China,Fuel and energy,15213.722,0.17831
12756,2012,China,Environment protection,47001.324,0.55087
12757,2012,China,Housing and community amenities,163031.644,1.91078
12758,2012,China,Health,74837.309,0.87712
12759,2012,China,Education,348191.399,4.08092
12760,2012,China,Social protection,606892.904,7.11298
12761,2012,China,General public services,235722.678,2.76275
12762,2012,China,Defence,106298.577,1.24585
12763,2012,China,Public order and safety,112661.994,1.32044
12764,2012,China,"Recreation, culture and religion",37949.837,0.44478
13091,2012,India,Total function,443032.48,23.80772
13092,2012,India,Environment protection,255.627,0.01374
13093,2012,India,Housing and community amenities,25745.719,1.38353
13094,2012,India,Health,19303.207,1.03732
13095,2012,India,Education,80612.706,4.33197
13096,2012,India,Social protection,29673.505,1.5946
13097,2012,India,General public services,63761.722,3.42643
13098,2012,India,Defence,48107.468,2.5852
13099,2012,India,Public order and safety,25049.201,1.3461
13100,2012,India,"Recreation, culture and religion",3239.689,0.17409
13537,2012,Russian Federation,Total function,843091.511,38.17839
13538,2012,Russian Federation,"Agriculture, forestry, fishing and hunting",10330.796,0.46782
13539,2012,Russian Federation,"Mining, manufacturing and construction",0.0,0.0
13540,2012,Russian Federation,Transport,10632.354,0.48147
13541,2012,Russian Federation,Communication,2120.634,0.09603
13542,2012,Russian Federation,Fuel and energy,3972.136,0.17987
13543,2012,Russian Federation,Environment protection,1206.232,0.05462
13544,2012,Russian Federation,Housing and community amenities,26122.062,1.18291
13545,2012,Russian Federation,Health,70639.167,3.19881
13546,2012,Russian Federation,Education,80130.14,3.6286
13547,2012,Russian Federation,Social protection,249868.422,11.31499
13548,2012,Russian Federation,General public services,200990.074,9.10159
13549,2012,Russian Federation,Defence,61582.697,2.7887
13550,2012,Russian Federation,Public order and safety,58054.792,2.62894
13551,2012,Russian Federation,"Recreation, culture and religion",18268.582,0.82727
13662,2012,South Africa,Total function,158798.414,36.55606
13663,2012,South Africa,"Agriculture, forestry, fishing and hunting",2537.755,0.5842
13664,2012,South Africa,"Mining, manufacturing and construction",940.934,0.21661
13665,2012,South Africa,Transport,9244.505,2.12812
13666,2012,South Africa,Communication,265.425,0.0611
13667,2012,South Africa,Fuel and energy,3211.05,0.7392
13668,2012,South Africa,Environment protection,1224.606,0.28191
13669,2012,South Africa,Housing and community amenities,11142.179,2.56498
13670,2012,South Africa,Health,18533.201,4.26642
13671,2012,South Africa,Education,30493.783,7.0198
13672,2012,South Africa,Social protection,18254.637,4.20229
13673,2012,South Africa,General public services,33913.893,7.80712
13674,2012,South Africa,Defence,4723.289,1.08732
13675,2012,South Africa,Public order and safety,15752.314,3.62625
13676,2012,South Africa,"Recreation, culture and religion",4969.495,1.144
13677,2012,South Africa,"General economic, commercial and labour affairs",2583.655,0.59477
13678,2012,South Africa,Other industries,539.946,0.1243
13679,2012,South Africa,RandD Economic affairs,467.487,0.10762
13680,2012,South Africa,Economic affairs n.e.c.,0.0,0.0
13986,2013,Brazil,Total function,898891.949,36.35089
13987,2013,Brazil,"Agriculture, forestry, fishing and hunting",17005.711,0.68771
13988,2013,Brazil,Transport,28790.952,1.1643
13989,2013,Brazil,Communication,1408.592,0.05696
13990,2013,Brazil,Fuel and energy,1417.701,0.05733
13991,2013,Brazil,Environment protection,15573.104,0.62977
13992,2013,Brazil,Housing and community amenities,27366.169,1.10668
13993,2013,Brazil,Health,117223.706,4.74049
13994,2013,Brazil,Education,126421.118,5.11243
13995,2013,Brazil,Social protection,331477.202,13.40483
13996,2013,Brazil,General public services,143781.684,5.81448
13997,2013,Brazil,Defence,17308.844,0.69996
13998,2013,Brazil,Public order and safety,56388.081,2.28032
13999,2013,Brazil,"Recreation, culture and religion",8779.943,0.35506
14000,2013,Brazil,"General economic, commercial and labour affairs",5949.142,0.24058
14044,2013,China,Total function,2784792.278,29.09777
14045,2013,China,"Agriculture, forestry, fishing and hunting",244475.319,2.55448
14046,2013,China,"Mining, manufacturing and construction",16442.216,0.1718
14047,2013,China,Transport,200299.936,2.0929
14048,2013,China,Communication,5470.71,0.05716
14049,2013,China,Fuel and energy,12582.356,0.13147
14050,2013,China,Environment protection,55719.894,0.58221
14051,2013,China,Housing and community amenities,206885.086,2.1617
14052,2013,China,Health,84853.051,0.88661
14053,2013,China,Education,370805.295,3.87447
14054,2013,China,Social protection,722221.518,7.54636
14055,2013,China,General public services,263746.568,2.75584
14056,2013,China,Defence,120011.459,1.25398
14057,2013,China,Public order and safety,125679.208,1.3132
14058,2013,China,"Recreation, culture and religion",43526.068,0.4548
14385,2013,India,Total function,450556.327,23.50254
14386,2013,India,Environment protection,391.823,0.02044
14387,2013,India,Housing and community amenities,25388.988,1.32438
14388,2013,India,Health,19205.314,1.00181
14389,2013,India,Education,84102.239,4.38706
14390,2013,India,Social protection,31224.186,1.62876
14391,2013,India,General public services,69413.303,3.62083
14392,2013,India,Defence,49309.151,2.57213
14393,2013,India,Public order and safety,25774.327,1.34448
14394,2013,India,"Recreation, culture and religion",3485.623,0.18182
14844,2013,Russian Federation,Total function,886926.3,38.68867
14845,2013,Russian Federation,"Agriculture, forestry, fishing and hunting",12400.61,0.54093
14846,2013,Russian Federation,"Mining, manufacturing and construction",0.0,0.0
14847,2013,Russian Federation,Transport,16747.734,0.73055
14848,2013,Russian Federation,Communication,2647.851,0.1155
14849,2013,Russian Federation,Fuel and energy,1023.961,0.04467
14850,2013,Russian Federation,Environment protection,1460.558,0.06371
14851,2013,Russian Federation,Housing and community amenities,28517.005,1.24394
14852,2013,Russian Federation,Health,71799.783,3.13198
14853,2013,Russian Federation,Education,88710.848,3.86966
14854,2013,Russian Federation,Social protection,272219.773,11.87452
14855,2013,Russian Federation,General public services,200087.045,8.72801
14856,2013,Russian Federation,Defence,51961.32,2.26661
14857,2013,Russian Federation,Public order and safety,62631.247,2.73204
14858,2013,Russian Federation,"Recreation, culture and religion",25809.476,1.12584
14953,2013,South Africa,Total function,168642.211,42.08854
14954,2013,South Africa,"Agriculture, forestry, fishing and hunting",2411.903,0.60195
14955,2013,South Africa,"Mining, manufacturing and construction",896.526,0.22375
14956,2013,South Africa,Transport,8027.735,2.00351
14957,2013,South Africa,Communication,308.832,0.07708
14958,2013,South Africa,Fuel and energy,2506.565,0.62557
14959,2013,South Africa,Environment protection,1210.858,0.3022
14960,2013,South Africa,Housing and community amenities,10559.545,2.63538
14961,2013,South Africa,Health,17628.898,4.3997
14962,2013,South Africa,Education,28248.723,7.05012
14963,2013,South Africa,Social protection,17768.307,4.43449
14964,2013,South Africa,General public services,50494.476,12.60206
14965,2013,South Africa,Defence,4311.825,1.07612
14966,2013,South Africa,Public order and safety,14738.703,3.67838
14967,2013,South Africa,"Recreation, culture and religion",5067.904,1.26481
14968,2013,South Africa,"General economic, commercial and labour affairs",3211.176,0.80142
14969,2013,South Africa,Other industries,809.956,0.20214
14970,2013,South Africa,RandD Economic affairs,439.938,0.1098
14971,2013,South Africa,Economic affairs n.e.c.,0.0,0.0
15267,2014,Brazil,Total function,886143.391,36.08011
15268,2014,Brazil,"Agriculture, forestry, fishing and hunting",13604.145,0.5539
15269,2014,Brazil,Transport,26324.388,1.07182
15270,2014,Brazil,Communication,1072.572,0.04367
15271,2014,Brazil,Fuel and energy,947.542,0.03858
15272,2014,Brazil,Environment protection,13108.712,0.53373
15273,2014,Brazil,Housing and community amenities,26564.495,1.0816
15274,2014,Brazil,Health,113148.783,4.60695
15275,2014,Brazil,Education,119866.642,4.88048
15276,2014,Brazil,Social protection,335934.096,13.67785
15277,2014,Brazil,General public services,146491.074,5.96451
15278,2014,Brazil,Defence,16890.281,0.6877
15279,2014,Brazil,Public order and safety,59605.242,2.42688
15280,2014,Brazil,"Recreation, culture and religion",7163.028,0.29165
15281,2014,Brazil,"General economic, commercial and labour affairs",5422.393,0.22078
15325,2014,China,Total function,3075446.031,29.35812
15326,2014,China,"Agriculture, forestry, fishing and hunting",260277.88,2.48461
15327,2014,China,"Mining, manufacturing and construction",16325.56,0.15584
15328,2014,China,Transport,217161.929,2.07302
15329,2014,China,Communication,5821.817,0.05557
15330,2014,China,Fuel and energy,12593.5,0.12022
15331,2014,China,Environment protection,61568.171,0.58773
15332,2014,China,Housing and community amenities,241076.892,2.30131
15333,2014,China,Health,95377.112,0.91047
15334,2014,China,Education,392199.21,3.74392
15335,2014,China,Social protection,833175.7,7.95347
15336,2014,China,General public services,282773.441,2.69935
15337,2014,China,Defence,135612.426,1.29455
15338,2014,China,Public order and safety,136035.153,1.29859
15339,2014,China,"Recreation, culture and religion",46542.047,0.44429
15340,2014,China,"General economic, commercial and labour affairs",113015.455,1.07884
15341,2014,China,Other industries,5698.28,0.0544
15342,2014,China,RandD Economic affairs,70641.109,0.67434
15343,2014,China,Economic affairs n.e.c.,149547.954,1.42758
15696,2014,India,Total function,483490.492,23.66642
15697,2014,India,Environment protection,271.344,0.01328
15698,2014,India,Housing and community amenities,35255.237,1.72571
15699,2014,India,Health,22690.005,1.11065
15700,2014,India,Education,88791.629,4.34627
15701,2014,India,Social protection,31916.197,1.56227
15702,2014,India,General public services,64629.549,3.16356
15703,2014,India,Defence,51189.495,2.50568
15704,2014,India,Public order and safety,29566.514,1.44725
15705,2014,India,"Recreation, culture and religion",3380.168,0.16546
16197,2014,Russian Federation,Total function,830424.409,40.32671
16198,2014,Russian Federation,"Agriculture, forestry, fishing and hunting",9344.496,0.45378
16199,2014,Russian Federation,"Mining, manufacturing and construction",1023.497,0.0497
16200,2014,Russian Federation,Transport,19153.995,0.93015
16201,2014,Russian Federation,Communication,2235.486,0.10856
16202,2014,Russian Federation,Fuel and energy,890.306,0.04323
16203,2014,Russian Federation,Environment protection,1670.701,0.08113
16204,2014,Russian Federation,Housing and community amenities,22663.8,1.10059
16205,2014,Russian Federation,Health,64740.387,3.14389
16206,2014,Russian Federation,Education,76111.945,3.69612
16207,2014,Russian Federation,Social protection,226740.138,11.01086
16208,2014,Russian Federation,General public services,209331.04,10.16544
16209,2014,Russian Federation,Defence,49924.948,2.42443
16210,2014,Russian Federation,Public order and safety,53408.957,2.59362
16211,2014,Russian Federation,"Recreation, culture and religion",18465.74,0.89673
16212,2014,Russian Federation,"General economic, commercial and labour affairs",2331.539,0.11322
16213,2014,Russian Federation,Other industries,26091.63,1.26705
16214,2014,Russian Federation,RandD Economic affairs,3543.209,0.17206
16215,2014,Russian Federation,Economic affairs n.e.c.,42753.17,2.07616
16316,2014,South Africa,Total function,164204.972,43.10873
16317,2014,South Africa,"Agriculture, forestry, fishing and hunting",2230.112,0.58547
16318,2014,South Africa,"Mining, manufacturing and construction",880.548,0.23117
16319,2014,South Africa,Transport,8106.707,2.12825
16320,2014,South Africa,Communication,258.54,0.06787
16321,2014,South Africa,Fuel and energy,4769.9,1.25224
16322,2014,South Africa,Environment protection,1217.019,0.3195
16323,2014,South Africa,Housing and community amenities,9716.055,2.55076
16324,2014,South Africa,Health,16956.495,4.45159
16325,2014,South Africa,Education,26849.65,7.04884
16326,2014,South Africa,Social protection,17099.594,4.48916
16327,2014,South Africa,General public services,50750.989,13.32366
16328,2014,South Africa,Defence,4018.654,1.05502
16329,2014,South Africa,Public order and safety,13345.582,3.50362
16330,2014,South Africa,"Recreation, culture and religion",3887.71,1.02064
16331,2014,South Africa,"General economic, commercial and labour affairs",2956.191,0.77609
16332,2014,South Africa,Other industries,744.624,0.19549
16333,2014,South Africa,RandD Economic affairs,417.064,0.10949
16334,2014,South Africa,Economic affairs n.e.c.,0.0,0.0
16641,2015,Brazil,Total function,686961.865,38.11771
16642,2015,Brazil,"Agriculture, forestry, fishing and hunting",10021.121,0.55605
16643,2015,Brazil,Transport,16977.915,0.94206
16644,2015,Brazil,Communication,794.471,0.04408
16645,2015,Brazil,Fuel and energy,941.292,0.05223
16646,2015,Brazil,Environment protection,9000.352,0.49941
16647,2015,Brazil,Housing and community amenities,18621.548,1.03326
16648,2015,Brazil,Health,89868.567,4.98657
16649,2015,Brazil,Education,94846.011,5.26276
16650,2015,Brazil,Social protection,258781.119,14.35908
16651,2015,Brazil,General public services,116885.154,6.48565
16652,2015,Brazil,Defence,12312.07,0.68316
16653,2015,Brazil,Public order and safety,49933.058,2.77065
16654,2015,Brazil,"Recreation, culture and religion",4674.898,0.2594
16655,2015,Brazil,"General economic, commercial and labour affairs",3304.285,0.18335
16700,2015,China,Total function,3467240.349,31.34492
16701,2015,China,"Agriculture, forestry, fishing and hunting",296952.768,2.68454
16702,2015,China,"Mining, manufacturing and construction",22247.01,0.20112
16703,2015,China,Transport,242415.535,2.19151
16704,2015,China,Communication,8380.717,0.07576
16705,2015,China,Fuel and energy,12998.659,0.11751
16706,2015,China,Environment protection,79106.366,0.71515
16707,2015,China,Housing and community amenities,285906.582,2.58468
16708,2015,China,Health,309114.974,2.79449
16709,2015,China,Education,425078.252,3.84284
16710,2015,China,Social protection,762297.653,6.89141
16711,2015,China,General public services,296999.336,2.68497
16712,2015,China,Defence,146476.702,1.32419
16713,2015,China,Public order and safety,150622.032,1.36167
16714,2015,China,"Recreation, culture and religion",50743.087,0.45873
16715,2015,China,"General economic, commercial and labour affairs",125407.695,1.13372
16716,2015,China,Other industries,6973.281,0.06304
16717,2015,China,RandD Economic affairs,75938.637,0.68651
16718,2015,China,Economic affairs n.e.c.,169578.791,1.53304
17071,2015,India,Total function,528547.346,24.62072
17072,2015,India,Environment protection,279.181,0.013
17073,2015,India,Housing and community amenities,39685.157,1.84861
17074,2015,India,Health,25471.247,1.1865
17075,2015,India,Education,94791.671,4.41557
17076,2015,India,Social protection,37609.304,1.75191
17077,2015,India,General public services,72342.001,3.36982
17078,2015,India,Defence,50885.909,2.37036
17079,2015,India,Public order and safety,30412.484,1.41667
17080,2015,India,"Recreation, culture and religion",4405.011,0.20519
17562,2015,Russian Federation,Total function,539517.03,39.56906
17563,2015,Russian Federation,"Agriculture, forestry, fishing and hunting",5069.099,0.37178
17564,2015,Russian Federation,"Mining, manufacturing and construction",499.454,0.03663
17565,2015,Russian Federation,Transport,5890.824,0.43204
17566,2015,Russian Federation,Communication,1257.765,0.09225
17567,2015,Russian Federation,Fuel and energy,730.548,0.05358
17568,2015,Russian Federation,Environment protection,660.35,0.04843
17569,2015,Russian Federation,Housing and community amenities,10935.243,0.80201
17570,2015,Russian Federation,Health,37177.016,2.72662
17571,2015,Russian Federation,Education,11847.782,0.86894
17572,2015,Russian Federation,Social protection,169159.788,12.40645
17573,2015,Russian Federation,General public services,208275.179,15.27524
17574,2015,Russian Federation,Defence,28857.201,2.11643
17575,2015,Russian Federation,Public order and safety,31858.629,2.33656
17576,2015,Russian Federation,"Recreation, culture and religion",4983.372,0.36549
17577,2015,Russian Federation,"General economic, commercial and labour affairs",1063.224,0.07798
17578,2015,Russian Federation,Other industries,13908.659,1.02008
17579,2015,Russian Federation,Economic affairs n.e.c.,9131.662,0.66973
17686,2015,South Africa,Total function,141532.235,40.84788
17687,2015,South Africa,"Agriculture, forestry, fishing and hunting",1816.048,0.52413
17688,2015,South Africa,"Mining, manufacturing and construction",802.979,0.23175
17689,2015,South Africa,Transport,8187.128,2.3629
17690,2015,South Africa,Communication,210.831,0.06085
17691,2015,South Africa,Fuel and energy,8066.585,2.32811
17692,2015,South Africa,Environment protection,1030.204,0.29733
17693,2015,South Africa,Housing and community amenities,8906.702,2.57058
17694,2015,South Africa,Health,15963.72,4.60732
17695,2015,South Africa,Education,26728.572,7.71418
17696,2015,South Africa,Social protection,15605.226,4.50385
17697,2015,South Africa,General public services,31898.049,9.20615
17698,2015,South Africa,Defence,3603.679,1.04006
17699,2015,South Africa,Public order and safety,11961.504,3.45223
17700,2015,South Africa,"Recreation, culture and religion",3233.555,0.93324
17701,2015,South Africa,"General economic, commercial and labour affairs",2637.604,0.76124
17702,2015,South Africa,Other industries,542.928,0.1567
17703,2015,South Africa,RandD Economic affairs,337.047,0.09728
17704,2015,South Africa,Economic affairs n.e.c.,0.0,0.0
18019,2016,Brazil,Total function,694884.571,38.69729
18020,2016,Brazil,"Agriculture, forestry, fishing and hunting",10789.028,0.60083
18021,2016,Brazil,Transport,15374.606,0.85619
18022,2016,Brazil,Communication,697.586,0.03885
18023,2016,Brazil,Fuel and energy,852.524,0.04748
18024,2016,Brazil,Environment protection,8602.473,0.47906
18025,2016,Brazil,Housing and community amenities,17911.248,0.99746
18026,2016,Brazil,Health,89956.705,5.00958
18027,2016,Brazil,Education,93317.099,5.19672
18028,2016,Brazil,Social protection,273587.465,15.23576
18029,2016,Brazil,General public services,108825.437,6.06036
18030,2016,Brazil,Defence,17647.593,0.98277
18031,2016,Brazil,Public order and safety,50512.959,2.81301
18032,2016,Brazil,"Recreation, culture and religion",4011.081,0.22337
18033,2016,Brazil,"General economic, commercial and labour affairs",2798.766,0.15586
18078,2016,China,Total function,3471303.629,30.90187
18079,2016,China,"Agriculture, forestry, fishing and hunting",294801.194,2.62435
18080,2016,China,"Mining, manufacturing and construction",16234.082,0.14452
18081,2016,China,Transport,192594.517,1.71449
18082,2016,China,Communication,9250.017,0.08234
18083,2016,China,Fuel and energy,12027.007,0.10707
18084,2016,China,Environment protection,74792.183,0.66581
18085,2016,China,Housing and community amenities,297254.359,2.64619
18086,2016,China,Health,335490.622,2.98657
18087,2016,China,Education,425913.077,3.79152
18088,2016,China,Social protection,794917.243,7.07643
18089,2016,China,General public services,310022.857,2.75985
18090,2016,China,Defence,147776.247,1.31552
18091,2016,China,Public order and safety,166032.611,1.47804
18092,2016,China,"Recreation, culture and religion",48574.02,0.43241
18093,2016,China,"General economic, commercial and labour affairs",117237.204,1.04366
18094,2016,China,Other industries,5928.743,0.05278
18095,2016,China,RandD Economic affairs,82153.032,0.73133
18096,2016,China,Economic affairs n.e.c.,140297.706,1.24894
18440,2016,India,Total function,553112.24,24.14714
18441,2016,India,Environment protection,229.927,0.01004
18442,2016,India,Housing and community amenities,47288.269,2.06446
18443,2016,India,Health,27046.678,1.18077
18444,2016,India,Education,100978.769,4.40842
18445,2016,India,Social protection,39173.715,1.7102
18446,2016,India,General public services,71038.288,3.10131
18447,2016,India,Defence,56359.437,2.46048
18448,2016,India,Public order and safety,33235.056,1.45094
18449,2016,India,"Recreation, culture and religion",3917.089,0.17101
18925,2016,Russian Federation,Total function,482883.444,37.82022
18926,2016,Russian Federation,"Agriculture, forestry, fishing and hunting",6539.362,0.51217
18927,2016,Russian Federation,"Mining, manufacturing and construction",452.264,0.03542
18928,2016,Russian Federation,Transport,5828.12,0.45647
18929,2016,Russian Federation,Communication,1350.753,0.10579
18930,2016,Russian Federation,Fuel and energy,854.197,0.0669
18931,2016,Russian Federation,Environment protection,1334.886,0.10455
18932,2016,Russian Federation,Housing and community amenities,13369.719,1.04714
18933,2016,Russian Federation,Health,46274.652,3.62431
18934,2016,Russian Federation,Education,46328.637,3.62853
18935,2016,Russian Federation,Social protection,161356.34,12.63769
18936,2016,Russian Federation,General public services,100320.429,7.85726
18937,2016,Russian Federation,Defence,29574.117,2.31629
18938,2016,Russian Federation,Public order and safety,28900.5,2.26353
18939,2016,Russian Federation,"Recreation, culture and religion",11004.932,0.86192
18940,2016,Russian Federation,"General economic, commercial and labour affairs",1924.99,0.15077
18941,2016,Russian Federation,Other industries,12050.88,0.94384
18942,2016,Russian Federation,RandD Economic affairs,811.487,0.06356
18943,2016,Russian Federation,Economic affairs n.e.c.,14607.924,1.14412
19050,2016,South Africa,Total function,126560.792,39.11416
19051,2016,South Africa,"Agriculture, forestry, fishing and hunting",1391.913,0.43018
19052,2016,South Africa,"Mining, manufacturing and construction",380.299,0.11753
19053,2016,South Africa,Transport,5122.735,1.5832
19054,2016,South Africa,Communication,120.077,0.03711
19055,2016,South Africa,Fuel and energy,2730.116,0.84375
19056,2016,South Africa,Environment protection,870.242,0.26895
19057,2016,South Africa,Housing and community amenities,7573.892,2.34074
19058,2016,South Africa,Health,12404.679,3.83372
19059,2016,South Africa,Education,20401.763,6.30525
19060,2016,South Africa,Social protection,14197.452,4.38778
19061,2016,South Africa,General public services,43373.139,13.40466
19062,2016,South Africa,Defence,2487.868,0.76889
19063,2016,South Africa,Public order and safety,10565.541,3.26533
19064,2016,South Africa,"Recreation, culture and religion",2588.721,0.80006
19065,2016,South Africa,"General economic, commercial and labour affairs",1828.674,0.56516
19066,2016,South Africa,Other industries,326.239,0.10083
19067,2016,South Africa,RandD Economic affairs,197.176,0.06094
19068,2016,South Africa,Economic affairs n.e.c.,0.0,0.0
19399,2017,Brazil,Total function,806607.888,39.08903
19400,2017,Brazil,"Agriculture, forestry, fishing and hunting",11042.375,0.53512
19401,2017,Brazil,Transport,17498.814,0.84801
19402,2017,Brazil,Communication,730.359,0.03539
19403,2017,Brazil,Fuel and energy,1058.649,0.0513
19404,2017,Brazil,Environment protection,9264.338,0.44896
19405,2017,Brazil,Housing and community amenities,19249.578,0.93285
19406,2017,Brazil,Health,106799.263,5.1756
19407,2017,Brazil,Education,109723.929,5.31733
19408,2017,Brazil,Social protection,323061.346,15.65588
19409,2017,Brazil,General public services,121621.014,5.89388
19410,2017,Brazil,Defence,21361.266,1.03519
19411,2017,Brazil,Public order and safety,57951.586,2.80839
19412,2017,Brazil,"Recreation, culture and religion",4318.884,0.2093
19413,2017,Brazil,"General economic, commercial and labour affairs",2926.49,0.14182
19458,2017,China,Total function,3700651.922,30.06096
19459,2017,China,"Agriculture, forestry, fishing and hunting",296776.548,2.41076
19460,2017,China,"Mining, manufacturing and construction",17026.36,0.13831
19461,2017,China,Transport,199965.82,1.62435
19462,2017,China,Communication,9185.734,0.07462
19463,2017,China,Fuel and energy,13229.052,0.10746
19464,2017,China,Environment protection,88394.533,0.71804
19465,2017,China,Housing and community amenities,333336.535,2.70774
19466,2017,China,Health,359107.553,2.91709
19467,2017,China,Education,449823.963,3.65399
19468,2017,China,Social protection,870302.286,7.0696
19469,2017,China,General public services,354599.326,2.88046
19470,2017,China,Defence,155189.822,1.26063
19471,2017,China,Public order and safety,184372.711,1.49769
19472,2017,China,"Recreation, culture and religion",51207.803,0.41597
19473,2017,China,"General economic, commercial and labour affairs",114216.3,0.9278
19474,2017,China,Other industries,5704.852,0.04634
19475,2017,China,RandD Economic affairs,87667.032,0.71213
19476,2017,China,Economic affairs n.e.c.,110538.552,0.89792
19819,2017,India,Total function,640441.684,24.40402
19820,2017,India,Environment protection,366.986,0.01398
19821,2017,India,Housing and community amenities,62247.997,2.37196
19822,2017,India,Health,32563.617,1.24084
19823,2017,India,Education,116285.735,4.43107
19824,2017,India,Social protection,41380.699,1.57681
19825,2017,India,General public services,74587.354,2.84215
19826,2017,India,Defence,64788.092,2.46875
19827,2017,India,Public order and safety,39481.586,1.50444
19828,2017,India,"Recreation, culture and religion",4353.436,0.16589
20302,2017,Russian Federation,Total function,576686.4,36.63363
20303,2017,Russian Federation,"Agriculture, forestry, fishing and hunting",7656.489,0.48637
20304,2017,Russian Federation,"Mining, manufacturing and construction",498.073,0.03164
20305,2017,Russian Federation,Transport,7173.807,0.45571
20306,2017,Russian Federation,Communication,1674.757,0.10639
20307,2017,Russian Federation,Fuel and energy,616.666,0.03917
20308,2017,Russian Federation,Environment protection,2168.802,0.13777
20309,2017,Russian Federation,Housing and community amenities,16217.322,1.03019
20310,2017,Russian Federation,Health,47577.592,3.02234
20311,2017,Russian Federation,Education,54792.535,3.48066
20312,2017,Russian Federation,Social protection,207202.941,13.16243
20313,2017,Russian Federation,General public services,104805.732,6.65772
20314,2017,Russian Federation,Defence,32215.114,2.04644
20315,2017,Russian Federation,Public order and safety,36650.28,2.32819
20316,2017,Russian Federation,"Recreation, culture and religion",14794.524,0.93981
20317,2017,Russian Federation,"General economic, commercial and labour affairs",2195.661,0.13948
20318,2017,Russian Federation,Other industries,22742.48,1.4447
20319,2017,Russian Federation,RandD Economic affairs,1116.933,0.07095
20320,2017,Russian Federation,Economic affairs n.e.c.,16588.25,1.05376
20427,2017,South Africa,Total function,151122.036,39.68005
20428,2017,South Africa,"Agriculture, forestry, fishing and hunting",1902.715,0.4996
20429,2017,South Africa,"Mining, manufacturing and construction",654.029,0.17173
20430,2017,South Africa,Transport,9321.814,2.44762
20431,2017,South Africa,Communication,505.776,0.1328
20432,2017,South Africa,Fuel and energy,6536.083,1.71618
20433,2017,South Africa,Environment protection,1169.605,0.3071
20434,2017,South Africa,Housing and community amenities,7875.68,2.06791
20435,2017,South Africa,Health,17542.816,4.60621
20436,2017,South Africa,Education,28531.872,7.4916
20437,2017,South Africa,Social protection,20391.853,5.35428
20438,2017,South Africa,General public services,33069.841,8.68313
20439,2017,South Africa,Defence,3602.813,0.94599
20440,2017,South Africa,Public order and safety,12636.934,3.31807
20441,2017,South Africa,"Recreation, culture and religion",3357.676,0.88162
20442,2017,South Africa,"General economic, commercial and labour affairs",3117.187,0.81848
20443,2017,South Africa,Other industries,572.892,0.15042
20444,2017,South Africa,RandD Economic affairs,332.169,0.08722
20445,2017,South Africa,Economic affairs n.e.c.,0.0,0.0
20747,2018,Brazil,Total function,770782.87,40.20916
20748,2018,Brazil,"Agriculture, forestry, fishing and hunting",9949.299,0.51902
20749,2018,Brazil,Transport,14829.116,0.77359
20750,2018,Brazil,Communication,651.919,0.03401
20751,2018,Brazil,Fuel and energy,1037.269,0.05411
20752,2018,Brazil,Environment protection,9150.136,0.47733
20753,2018,Brazil,Housing and community amenities,18683.98,0.97468
20754,2018,Brazil,Health,100067.454,5.22018
20755,2018,Brazil,Education,100975.817,5.26757
20756,2018,Brazil,Social protection,298874.711,15.59129
20757,2018,Brazil,General public services,133766.382,6.97814
20758,2018,Brazil,Defence,20901.929,1.09038
20759,2018,Brazil,Public order and safety,54508.9,2.84355
20760,2018,Brazil,"Recreation, culture and religion",4105.287,0.21416
20761,2018,Brazil,"General economic, commercial and labour affairs",3280.671,0.17114
20807,2018,China,Total function,4282267.742,30.81898
20808,2018,China,"Agriculture, forestry, fishing and hunting",332425.066,2.39242
20809,2018,China,"Mining, manufacturing and construction",15558.444,0.11197
20810,2018,China,Transport,226286.229,1.62856
20811,2018,China,Communication,10479.642,0.07542
20812,2018,China,Fuel and energy,16309.054,0.11737
20813,2018,China,Environment protection,100990.527,0.72682
20814,2018,China,Housing and community amenities,367596.092,2.64555
20815,2018,China,Health,397206.319,2.85865
20816,2018,China,Education,490349.304,3.52899
20817,2018,China,Social protection,1122483.082,8.07838
20818,2018,China,General public services,397614.424,2.86158
20819,2018,China,Defence,171143.792,1.2317
20820,2018,China,Public order and safety,208299.414,1.49911
20821,2018,China,"Recreation, culture and religion",54652.863,0.39333
20822,2018,China,"General economic, commercial and labour affairs",128109.354,0.92199
20823,2018,China,Other industries,6493.39,0.04673
20824,2018,China,RandD Economic affairs,103226.031,0.74291
20825,2018,China,Economic affairs n.e.c.,133041.822,0.95749
21169,2018,India,Total function,668676.756,24.19939
21170,2018,India,Environment protection,601.92,0.02178
21171,2018,India,Housing and community amenities,56741.355,2.05347
21172,2018,India,Health,34778.046,1.25862
21173,2018,India,Education,120685.266,4.3676
21174,2018,India,Social protection,47362.381,1.71404
21175,2018,India,General public services,84162.273,3.04583
21176,2018,India,Defence,66511.339,2.40704
21177,2018,India,Public order and safety,43183.565,1.56281
21178,2018,India,"Recreation, culture and religion",4558.933,0.16499
21647,2018,Russian Federation,Total function,568793.071,34.31987
21648,2018,Russian Federation,"Agriculture, forestry, fishing and hunting",7608.077,0.45906
21649,2018,Russian Federation,"Mining, manufacturing and construction",464.494,0.02803
21650,2018,Russian Federation,Transport,7707.043,0.46503
21651,2018,Russian Federation,Communication,2219.086,0.1339
21652,2018,Russian Federation,Fuel and energy,647.761,0.03908
21653,2018,Russian Federation,Environment protection,2449.921,0.14782
21654,2018,Russian Federation,Housing and community amenities,17783.68,1.07303
21655,2018,Russian Federation,Health,52607.12,3.17421
21656,2018,Russian Federation,Education,57163.024,3.44911
21657,2018,Russian Federation,Social protection,191334.884,11.54478
21658,2018,Russian Federation,General public services,93780.677,5.65854
21659,2018,Russian Federation,Defence,29554.415,1.78326
21660,2018,Russian Federation,Public order and safety,36520.156,2.20356
21661,2018,Russian Federation,"Recreation, culture and religion",14841.498,0.89551
21662,2018,Russian Federation,"General economic, commercial and labour affairs",2622.976,0.15827
21663,2018,Russian Federation,Other industries,28458.164,1.71711
21664,2018,Russian Federation,RandD Economic affairs,3066.168,0.18501
21665,2018,Russian Federation,Economic affairs n.e.c.,19964.533,1.20462
21791,2018,South Africa,Total function,162836.026,40.31137
21792,2018,South Africa,"Agriculture, forestry, fishing and hunting",2007.63,0.497
21793,2018,South Africa,"Mining, manufacturing and construction",711.063,0.17603
21794,2018,South Africa,Transport,8971.638,2.221
21795,2018,South Africa,Communication,427.699,0.10588
21796,2018,South Africa,Fuel and energy,6887.997,1.70518
21797,2018,South Africa,Environment protection,1081.28,0.26768
21798,2018,South Africa,Housing and community amenities,7555.833,1.87051
21799,2018,South Africa,Health,18722.41,4.63488
21800,2018,South Africa,Education,33045.521,8.18068
21801,2018,South Africa,Social protection,24712.998,6.1179
21802,2018,South Africa,General public services,34533.288,8.54899
21803,2018,South Africa,Defence,3666.961,0.90779
21804,2018,South Africa,Public order and safety,13369.728,3.30978
21805,2018,South Africa,"Recreation, culture and religion",3459.705,0.85648
21806,2018,South Africa,"General economic, commercial and labour affairs",2845.814,0.7045
21807,2018,South Africa,Other industries,492.995,0.12204
21808,2018,South Africa,RandD Economic affairs,343.805,0.08511
21809,2018,South Africa,Economic affairs n.e.c.,0.0,0.0
22112,2019,Brazil,Total function,738667.195,39.26035
22113,2019,Brazil,"Agriculture, forestry, fishing and hunting",8510.647,0.45234
22114,2019,Brazil,Transport,12432.085,0.66077
22115,2019,Brazil,Communication,652.812,0.0347
22116,2019,Brazil,Fuel and energy,1123.852,0.05973
22117,2019,Brazil,Environment protection,8211.24,0.43643
22118,2019,Brazil,Housing and community amenities,18531.002,0.98493
22119,2019,Brazil,Health,94924.006,5.04524
22120,2019,Brazil,Education,95011.724,5.0499
22121,2019,Brazil,Social protection,294226.519,15.63821
22122,2019,Brazil,General public services,124973.257,6.64236
22123,2019,Brazil,Defence,21261.152,1.13004
22124,2019,Brazil,Public order and safety,52508.941,2.79086
22125,2019,Brazil,"Recreation, culture and religion",3791.636,0.20153
22126,2019,Brazil,"General economic, commercial and labour affairs",2508.321,0.13332
22172,2019,China,Total function,4523271.351,31.67565
22173,2019,China,"Agriculture, forestry, fishing and hunting",343143.875,2.40297
22174,2019,China,"Mining, manufacturing and construction",18254.483,0.12783
22175,2019,China,Transport,231355.085,1.62014
22176,2019,China,Communication,9060.725,0.06345
22177,2019,China,Fuel and energy,16219.71,0.11358
22178,2019,China,Environment protection,113354.713,0.7938
22179,2019,China,Housing and community amenities,394801.389,2.76472
22180,2019,China,Health,382798.584,2.68067
22181,2019,China,Education,507810.435,3.5561
22182,2019,China,Social protection,1203763.251,8.42973
22183,2019,China,General public services,444525.022,3.11293
22184,2019,China,Defence,176326.305,1.23478
22185,2019,China,Public order and safety,201232.27,1.40919
22186,2019,China,"Recreation, culture and religion",59548.795,0.41701
22187,2019,China,"General economic, commercial and labour affairs",108802.853,0.76193
22188,2019,China,Other industries,240.595,0.00168
22189,2019,China,RandD Economic affairs,111356.561,0.77981
22190,2019,China,Economic affairs n.e.c.,200673.529,1.40528
22532,2019,India,Total function,710570.975,24.9259
22533,2019,India,Environment protection,498.464,0.01749
22534,2019,India,Housing and community amenities,51969.8,1.82303
22535,2019,India,Health,37052.547,1.29975
22536,2019,India,Education,128899.973,4.52164
22537,2019,India,Social protection,53925.087,1.89162
22538,2019,India,General public services,94793.066,3.32522
22539,2019,India,Defence,71225.444,2.4985
22540,2019,India,Public order and safety,45743.417,1.60462
22541,2019,India,"Recreation, culture and religion",4317.119,0.15144
22990,2019,Russian Federation,Total function,639876.404,37.79285
22991,2019,Russian Federation,"Agriculture, forestry, fishing and hunting",7587.284,0.44813
22992,2019,Russian Federation,"Mining, manufacturing and construction",440.655,0.02603
22993,2019,Russian Federation,Transport,9471.056,0.55939
22994,2019,Russian Federation,Communication,2294.754,0.13553
22995,2019,Russian Federation,Fuel and energy,915.387,0.05407
22996,2019,Russian Federation,Environment protection,3754.862,0.22177
22997,2019,Russian Federation,Housing and community amenities,20448.84,1.20776
22998,2019,Russian Federation,Health,56697.448,3.34871
22999,2019,Russian Federation,Education,59416.885,3.50932
23000,2019,Russian Federation,Social protection,201910.3,11.92537
23001,2019,Russian Federation,General public services,139734.742,8.25312
23002,2019,Russian Federation,Defence,31576.366,1.86499
23003,2019,Russian Federation,Public order and safety,36804.699,2.17379
23004,2019,Russian Federation,"Recreation, culture and religion",16540.296,0.97692
23005,2019,Russian Federation,"General economic, commercial and labour affairs",2375.696,0.14032
23006,2019,Russian Federation,Other industries,26001.558,1.53572
23007,2019,Russian Federation,RandD Economic affairs,1086.477,0.06417
23008,2019,Russian Federation,Economic affairs n.e.c.,22819.33,1.34777
23134,2019,South Africa,Total function,159818.781,41.13409
23135,2019,South Africa,"Agriculture, forestry, fishing and hunting",2042.242,0.52563
23136,2019,South Africa,"Mining, manufacturing and construction",969.382,0.2495
23137,2019,South Africa,Transport,9192.419,2.36594
23138,2019,South Africa,Communication,454.014,0.11685
23139,2019,South Africa,Fuel and energy,10583.989,2.7241
23140,2019,South Africa,Environment protection,1198.556,0.30848
23141,2019,South Africa,Housing and community amenities,7636.541,1.96549
23142,2019,South Africa,Health,19002.622,4.89089
23143,2019,South Africa,Education,29877.37,7.68982
23144,2019,South Africa,Social protection,20193.824,5.19748
23145,2019,South Africa,General public services,33818.145,8.7041
23146,2019,South Africa,Defence,3676.889,0.94636
23147,2019,South Africa,Public order and safety,13114.438,3.37539
23148,2019,South Africa,"Recreation, culture and religion",3672.91,0.94533
23149,2019,South Africa,"General economic, commercial and labour affairs",3313.033,0.85271
23150,2019,South Africa,Other industries,679.987,0.17501
23151,2019,South Africa,RandD Economic affairs,392.525,0.10103
23152,2019,South Africa,Economic affairs n.e.c.,0.0,0.0
23444,2020,Brazil,Total function,677023.27,46.73749
23445,2020,Brazil,"Agriculture, forestry, fishing and hunting",6352.059,0.43851
23446,2020,Brazil,Transport,10578.683,0.73029
23447,2020,Brazil,Communication,617.631,0.04264
23448,2020,Brazil,Fuel and energy,746.24,0.05152
23449,2020,Brazil,Environment protection,6832.935,0.4717
23450,2020,Brazil,Housing and community amenities,17856.801,1.23272
23451,2020,Brazil,Health,90948.737,6.27854
23452,2020,Brazil,Education,71581.61,4.94155
23453,2020,Brazil,Social protection,301640.169,20.82337
23454,2020,Brazil,General public services,107109.961,7.39421
23455,2020,Brazil,Defence,15897.218,1.09745
23456,2020,Brazil,Public order and safety,41124.859,2.83901
23457,2020,Brazil,"Recreation, culture and religion",2928.123,0.20214
23458,2020,Brazil,"General economic, commercial and labour affairs",2808.244,0.19386
23504,2020,China,Total function,5041627.784,34.32541
23505,2020,China,"Agriculture, forestry, fishing and hunting",357503.724,2.43403
23506,2020,China,"Mining, manufacturing and construction",23000.631,0.1566
23507,2020,China,Transport,245540.812,1.67174
23508,2020,China,Communication,12324.735,0.08391
23509,2020,China,Fuel and energy,17050.133,0.11608
23510,2020,China,Environment protection,108872.531,0.74125
23511,2020,China,Housing and community amenities,327588.21,2.23035
23512,2020,China,Health,425225.179,2.8951
23513,2020,China,Education,531032.254,3.61548
23514,2020,China,Social protection,1298786.012,8.84265
23515,2020,China,General public services,459289.507,3.12703
23516,2020,China,Defence,188189.219,1.28127
23517,2020,China,Public order and safety,200889.256,1.36773
23518,2020,China,"Recreation, culture and religion",61683.576,0.41997
23519,2020,China,"General economic, commercial and labour affairs",132218.341,0.9002
23520,2020,China,Other industries,119.301,0.00081
23521,2020,China,RandD Economic affairs,103895.259,0.70736
23522,2020,China,Economic affairs n.e.c.,548425.972,3.7339
23864,2020,India,Total function,850750.546,31.83704
23865,2020,India,Environment protection,562.27,0.02104
23866,2020,India,Housing and community amenities,64816.641,2.42559
23867,2020,India,Health,42594.014,1.59397
23868,2020,India,Education,131101.495,4.90612
23869,2020,India,Social protection,62045.909,2.3219
23870,2020,India,General public services,130710.818,4.8915
23871,2020,India,Defence,73508.743,2.75087
23872,2020,India,Public order and safety,47179.534,1.76557
23873,2020,India,"Recreation, culture and religion",4647.868,0.17393
24342,2020,Russian Federation,Total function,616988.511,41.42637
24343,2020,Russian Federation,"Agriculture, forestry, fishing and hunting",6028.993,0.4048
24344,2020,Russian Federation,"Mining, manufacturing and construction",430.082,0.02888
24345,2020,Russian Federation,Transport,32869.607,2.20696
24346,2020,Russian Federation,Communication,2890.871,0.1941
24347,2020,Russian Federation,Fuel and energy,709.411,0.04763
24348,2020,Russian Federation,Environment protection,3731.896,0.25057
24349,2020,Russian Federation,Housing and community amenities,19100.087,1.28243
24350,2020,Russian Federation,Health,32869.33,2.20694
24351,2020,Russian Federation,Education,55128.286,3.70147
24352,2020,Russian Federation,Social protection,210573.737,14.13852
24353,2020,Russian Federation,General public services,148023.21,9.9387
24354,2020,Russian Federation,Defence,29050.866,1.95056
24355,2020,Russian Federation,Public order and safety,34612.346,2.32397
24356,2020,Russian Federation,"Recreation, culture and religion",14417.326,0.96802
24357,2020,Russian Federation,"General economic, commercial and labour affairs",1805.356,0.12122
24358,2020,Russian Federation,Other industries,593.372,0.03984
24359,2020,Russian Federation,RandD Economic affairs,1000.015,0.06714
24360,2020,Russian Federation,Economic affairs n.e.c.,23154.041,1.55463
24467,2020,South Africa,Total function,147595.507,43.71651
24468,2020,South Africa,"Agriculture, forestry, fishing and hunting",1559.347,0.46187
24469,2020,South Africa,"Mining, manufacturing and construction",674.623,0.19982
24470,2020,South Africa,Transport,8447.604,2.50211
24471,2020,South Africa,Communication,406.709,0.12046
24472,2020,South Africa,Fuel and energy,9003.709,2.66682
24473,2020,South Africa,Environment protection,989.471,0.29307
24474,2020,South Africa,Housing and community amenities,6092.615,1.80458
24475,2020,South Africa,Health,18641.05,5.52132
24476,2020,South Africa,Education,27281.738,8.08062
24477,2020,South Africa,Social protection,23013.523,6.81641
24478,2020,South Africa,General public services,30530.335,9.04282
24479,2020,South Africa,Defence,3181.924,0.94246
24480,2020,South Africa,Public order and safety,11405.298,3.37815
24481,2020,South Africa,"Recreation, culture and religion",2851.111,0.84447
24482,2020,South Africa,"General economic, commercial and labour affairs",2764.702,0.81888
24483,2020,South Africa,Other industries,406.466,0.12039
24484,2020,South Africa,RandD Economic affairs,345.117,0.10222
24485,2020,South Africa,Economic affairs n.e.c.,0.0,0.0
25456,2021,Russian Federation,Total function,647701.052,36.41262
25563,2021,South Africa,Total function,168264.71,40.15714
25564,2021,South Africa,"Agriculture, forestry, fishing and hunting",1641.387,0.39172
25565,2021,South Africa,"Mining, manufacturing and construction",544.879,0.13004
25566,2021,South Africa,Transport,9953.123,2.37536
25567,2021,South Africa,Communication,262.465,0.06264
25568,2021,South Africa,Fuel and energy,10330.356,2.46539
25569,2021,South Africa,Environment protection,1013.846,0.24196
25570,2021,South Africa,Housing and community amenities,6808.119,1.62479
25571,2021,South Africa,Health,21617.765,5.15918
25572,2021,South Africa,Education,31105.42,7.42345
25573,2021,South Africa,Social protection,26723.297,6.37764
25574,2021,South Africa,General public services,34789.444,8.30266
25575,2021,South Africa,Defence,3673.289,0.87665
25576,2021,South Africa,Public order and safety,12959.481,3.09284
25577,2021,South Africa,"Recreation, culture and religion",3143.708,0.75026
25578,2021,South Africa,"General economic, commercial and labour affairs",2973.896,0.70973
25579,2021,South Africa,Other industries,359.656,0.08583
25580,2021,South Africa,RandD Economic affairs,364.82,0.08707
25581,2021,South Africa,Economic affairs n.e.c.,0.0,0.0
